id_cliente,faturamento_total,frequencia,ticket_medio,diversidade_categorias,nome_cliente
47,64003343.75,190,336859.7039473684,3,Gabriela Barros Lacerda
42,72187369.5,222,325168.33108108107,3,Márcia Figueiredo
9,66788855.35,218,306370.8961009174,3,Lucas Guedes Cunha Lopes
22,59581398.75,198,300916.1553030303,3,Daniela Borges Vieira Farias Mendonça
2,65652931.35,220,298422.4152272727,3,Fernanda Azevedo Soares Nunes Vieira
28,60826837.25,204,298170.7708333333,3,Bianca Rodrigues
46,59126834.35,199,297119.7706030151,3,Ana Silva Costa Farias Coelho
38,57093331.15,195,292786.3135897436,3,Mateus Antunes
36,62791038.15,215,292051.34023255814,3,Francisca Ribeiro Pinheiro
5,58592802.7,202,290063.3797029703,3,Pedro Freitas
